[
    {
    "name":"Joe",
    "category": "Interior Designer",
    "service": "Modular Kitchen",
    "phone": 9876543210,
    "email": "joe@gmail.com"
    },
    {
    "name":"Janvi",
    "category": "Interior Designer",
    "service": "Modular Kitchen",
    "phone": 9876523210,
    "email": "janvi@gmail.com"
    },
    {
        "name":"Ram",
        "category": "Interior Designer",
        "service": "Painting",
        "phone": 9876523211,
        "email": "ram@gmail.com"
    },
    {
        "name":"Ramu",
        "category": "Interior Designer",
        "service": "Flooring",
        "phone": 9876523232,
        "email": "ramu@gmail.com"
    },
    {
        "name":"Darik",
        "category": "Interior Designer",
        "service": "Painting",
        "phone": 9876525232,
        "email": "darik11@gmail.com"
    },
    {
        "name":"Sam",
        "category": "Service Provider",
        "service": "Pest Control",
        "phone": 9732525232,
        "email": "sam0x@gmail.com"
    },
    {
        "name":"Jose",
        "category": "Service Provider",
        "service": "Driver",
        "phone": 8732525232,
        "email": "josejj@gmail.com"
    },
    {
        "name":"Daniel",
        "category": "Service Provider",
        "service": "Driver",
        "phone": 7732525532,
        "email": "dandaniel@gmail.com"
    },
    {
        "name":"Jeril",
        "category": "Service Provider",
        "service": "Electrician",
        "phone": 8852331532,
        "email": "jeril@outlook.com"
    },
    {
        "name":"Devan",
        "category": "Service Provider",
        "service": "Electrician",
        "phone": 8443331532,
        "email": "devan11@gmail.com"
    },
    {
        "name":"Babu",
        "category": "Service Provider",
        "service": "Driver",
        "phone": 8345331572,
        "email": "babuunni@gmail.com"
    },
    {
        "name":"Biju",
        "category": "Service Provider",
        "service": "Driver",
        "phone": 9545336272,
        "email": "biju@gmail.com"
    },
    {
        "name":"Santhosh",
        "category": "Pets World",
        "service": "Dog",
        "phone": 8995336272,
        "email": "santh@gmail.com"
    },
    {
        "name":"Neena",
        "category": "Pets World",
        "service": "cat",
        "phone": 8977527211,
        "email": "neena35@gmail.com"
    },
    {
        "name":"Mathai",
        "category": "Pets World",
        "service": "Pets Food",
        "phone": 7132598848,
        "email": "mathaikutty@gmail.com"
    },
    {
        "name":"Varadha",
        "category": "Pets World",
        "service": "Dog",
        "phone": 9859985933,
        "email": "varadhanithi@gmail.com"
    }
    
]
